alias grzegorz.kasprowicz Grzegorz <grzegorz.kasprowicz@creotech.pl>
alias tomasz.wlostowski Tomasz Wlostowski <tomasz.wlostowski@cern.ch>
alias rubini Alessandro Rubini <rubini@gnudd.com>
alias klingbeil Klingbeil <H.Klingbeil@gsi.de>
alias maciej.lipinski Maciej Lipinski <maciej.lipinski@cern.ch>
alias Javier.Serrano Javier Serrano <Javier.Serrano@cern.ch>
alias benoit Benoit <benoit@sevensols.com>
alias Klaus.Hofmann Hofmann <Klaus.Hofmann@ies.tu-darmstadt.de>
alias grzegorz.daniluk Grzegorz Daniluk <grzegorz.daniluk@cern.ch>
alias timing M.Kreider@gsi.de, A.Hahn@gsi.de, M.Zweig@gsi.de, J.Bai@gsi.de, S.Rauch@gsi.de, W.Terpstra@gsi.de, d.beck@gsi.de
